id,name,code,description,status,created_at,updated_at,approver_id,approved_at,work_center_id,created_by,complete_rate,en_name,jp_name,cost_center_id,cost_center_code,routing_id
1,VX Gia Công-Gia Công (VXBody),VXBODY_MACHINING,,1,2024-08-21 11:56:30.214271 +00:00,2024-08-21 11:56:30.214271 +00:00,,,,1,85,,,654dea19ea28000066005291,A00447,
2,VX Gia Công-Tẩy Rửa (VXBody),VXBODY_CLEANING,,1,2024-08-21 11:56:30.214271 +00:00,2024-08-21 11:56:30.214271 +00:00,,,,1,90,,,654dea19ea28000066005291,A00447,
3,VX Gia Công-Ngoại Quan (VXBody),VXBODY_BONDED,,1,2024-08-21 11:56:30.214271 +00:00,2024-08-21 11:56:30.214271 +00:00,,,,1,95,,,654dea19ea28000066005291,A00447,
4,Gia Công Nam Châm Nhựa-Gia Công,PLAS_MAGNET_MACHINE,,1,2024-08-21 11:56:30.214271 +00:00,2024-08-21 11:56:30.214271 +00:00,,,,1,95,,,654dea19ea280000660052b0,A00478,
5,Gia Công Nam Châm Nhựa-Cắt,PLAS_MAGNET_CUT,,1,2024-08-21 11:56:30.214271 +00:00,2024-08-21 11:56:30.214271 +00:00,,,,1,95,,,654dea19ea280000660052b0,A00478,
6,Gia Công Nam Châm Nhựa-Ngoại Quan,PLAS_MAGNET_BONDED,,1,2024-08-21 11:56:30.214271 +00:00,2024-08-21 11:56:30.214271 +00:00,,,,1,95,,,654dea19ea280000660052b0,A00478,
7,Gia Công Nam Châm Nhựa-Đóng Gói,PLAS_MAGNET_PACKING,,1,2024-08-21 11:56:30.214271 +00:00,2024-08-21 11:56:30.214271 +00:00,,,,1,95,,,654dea19ea280000660052b0,A00478,
8,FRL Lắp Ráp-Lắp Ráp_VHS,FRL_ASSEMBLY_VHS,,1,2024-08-21 11:56:30.214271 +00:00,2024-08-21 11:56:30.214271 +00:00,,,,1,75,,,654dea19ea2800006600527e,A00428,
9,FRL Lắp Ráp-Ngoại Quan_VHS,FRL_INSPECTION_VHS,,1,2024-08-21 11:56:30.214271 +00:00,2024-08-21 11:56:30.214271 +00:00,,,,1,90,,,654dea19ea2800006600527e,A00428,
10,FRL Lắp Ráp-Đóng Gói_VHS,FRL_PACKING_VHS,,1,2024-08-21 11:56:30.214271 +00:00,2024-08-21 11:56:30.214271 +00:00,,,,1,95,,,654dea19ea2800006600527e,A00428,
11,Đóng Gói Nhựa-Đóng Gói,PLASTIC_PACKING,,1,2024-08-21 11:56:30.214271 +00:00,2024-08-21 11:56:30.214271 +00:00,,,,1,95,,,654dea19ea28000066005280,A00430,
12,SY SUB Lắp Ráp-PortBlock_Lắp PortBlock,SYSUB_PORTBLOCK_ASS,,1,2024-08-21 11:56:30.214271 +00:00,2024-08-21 11:56:30.214271 +00:00,,,,1,75,,,660242e23bffc0b4510d818c,A00605,
13,SY SUB Lắp Ráp-PortBlock_Đóng Gói,SYSUB_PACKING,,1,2024-08-21 11:56:30.214271 +00:00,2024-08-21 11:56:30.214271 +00:00,,,,1,95,,,660242e23bffc0b4510d818c,A00605,
14,SY SUB Lắp Ráp-Spool_Lắp Ráp Ron,SYSUB_SPOOL_RON,,1,2024-08-21 11:56:30.214271 +00:00,2024-08-21 11:56:30.214271 +00:00,,,,1,75,,,660242e23bffc0b4510d818c,A00605,
15,SY SUB Lắp Ráp-Spool_Lắp Lò Xo,SYSUB_SPOOL_SPINGS,,1,2024-08-21 11:56:30.214271 +00:00,2024-08-21 11:56:30.214271 +00:00,,,,1,75,,,660242e23bffc0b4510d818c,A00605,
16,SY SUB Lắp Ráp-Spool_Đóng Gói,SYSUB_SPOOL_PACKING,,1,2024-08-21 11:56:30.214271 +00:00,2024-08-21 11:56:30.214271 +00:00,,,,1,95,,,660242e23bffc0b4510d818c,A00605,
17,SY SUB Lắp Ráp-EndPlate_Ép Bi,SYSUB_END_BALLPRESS,,1,2024-08-21 11:56:30.214271 +00:00,2024-08-21 11:56:30.214271 +00:00,,,,1,75,,,660242e23bffc0b4510d818c,A00605,
18,SY SUB Lắp Ráp-EndPlate_Lắp Piston,SYSUB_END_PISTON_ASS,,1,2024-08-21 11:56:30.214271 +00:00,2024-08-21 11:56:30.214271 +00:00,,,,1,75,,,660242e23bffc0b4510d818c,A00605,
19,SY SUB Lắp Ráp-EndPlate_Đóng Gói,SYSUB_END_PACKING,,1,2024-08-21 11:56:30.214271 +00:00,2024-08-21 11:56:30.214271 +00:00,,,,1,95,,,660242e23bffc0b4510d818c,A00605,
20,SY SUB Lắp Ráp-Adapter_Ép Bi,SYSUB_ADAP_EPBI,,1,2024-08-21 11:56:30.214271 +00:00,2024-08-21 11:56:30.214271 +00:00,,,,1,75,,,660242e23bffc0b4510d818c,A00605,
21,SY SUB Lắp Ráp-Adapt_Lắp Manual,SYSUB_ADAP_MANUAL,,1,2024-08-21 11:56:30.214271 +00:00,2024-08-21 11:56:30.214271 +00:00,,,,1,75,,,660242e23bffc0b4510d818c,A00605,
22,SY SUB Lắp Ráp-Adapt_Lắp Piston,SYSUB_ADAP_PISTON,,1,2024-08-21 11:56:30.214271 +00:00,2024-08-21 11:56:30.214271 +00:00,,,,1,75,,,660242e23bffc0b4510d818c,A00605,
23,SY SUB Lắp Ráp-Adapt_Đóng Gói,SYSUB_ADAP_PACKING,,1,2024-08-21 11:56:30.214271 +00:00,2024-08-21 11:56:30.214271 +00:00,,,,1,95,,,660242e23bffc0b4510d818c,A00605,
24,NSY Lắp Ráp-Đóng Gói,SY_DONGGOI_ASS,,1,2024-08-21 11:56:30.214271 +00:00,2024-08-21 11:56:30.214271 +00:00,,,,1,95,,,660242e23bffc0b4510d818a,A00603,
25,SY Lắp Ráp-Gắn Trục Spool,SY_GANSPOOL,,1,2024-08-21 11:56:30.214271 +00:00,2024-08-21 11:56:30.214271 +00:00,,,,1,10,,,660242e23bffc0b4510d818a,A00603,
26,SY Lắp Ráp-Hoàn Thiện_Connector din,SY_HOANTHIEN_DIN,,1,2024-08-21 11:56:30.214271 +00:00,2024-08-21 11:56:30.214271 +00:00,,,,1,50,,,660242e23bffc0b4510d818a,A00603,
27,SY Lắp Ráp-Khắc Laser,SY_KHACLASER,,1,2024-08-21 11:56:30.214271 +00:00,2024-08-21 11:56:30.214271 +00:00,,,,1,10,,,660242e23bffc0b4510d818a,A00603,
28,SY Lắp Ráp-Kiểm Tra 1,SY_KIEMTRA1,,1,2024-08-21 11:56:30.214271 +00:00,2024-08-21 11:56:30.214271 +00:00,,,,1,50,,,660242e23bffc0b4510d818a,A00603,
29,SY Lắp Ráp-Lắp Ráp_Thủ công,SY_LAPRAP_MANUAL,,1,2024-08-21 11:56:30.214271 +00:00,2024-08-21 11:56:30.214271 +00:00,,,,1,50,,,660242e23bffc0b4510d818a,A00603,
30,SY Lắp Ráp-Ngoại Quan,SY_NGOAIQUAN_ASS,,1,2024-08-21 11:56:30.214271 +00:00,2024-08-21 11:56:30.214271 +00:00,,,,1,75,,,660242e23bffc0b4510d818a,A00603,
31,SY Lắp Ráp-Hoàn Thiện_Gắn đế,SY_HOANTHIEN_BASE,,1,2024-08-21 11:56:30.214271 +00:00,2024-08-21 11:56:30.214271 +00:00,,,,1,50,,,660242e23bffc0b4510d818a,A00603,
32,SY Lắp Ráp-Hoàn Thiện_Quấn dây,SY_HOANTHIEN_WIND,,1,2024-08-21 11:56:30.214271 +00:00,2024-08-21 11:56:30.214271 +00:00,,,,1,50,,,660242e23bffc0b4510d818a,A00603,
33,SY Lắp Ráp-Kiểm Tra 2,SY_KIEMTRA2,,1,2024-08-21 11:56:30.214271 +00:00,2024-08-21 11:56:30.214271 +00:00,,,,1,50,,,660242e23bffc0b4510d818a,A00603,
34,SY Lắp Ráp-Lắp Ráp_Gate Auto,SY_LAPRAPCONG_AUTO,,1,2024-08-21 11:56:30.214271 +00:00,2024-08-21 11:56:30.214271 +00:00,,,,1,50,,,660242e23bffc0b4510d818a,A00603,
35,SY Lắp Ráp-Lắp Ráp_Auto,SY_LAPRAP_AUTO,,1,2024-08-21 11:56:30.214271 +00:00,2024-08-21 11:56:30.214271 +00:00,,,,1,50,,,660242e23bffc0b4510d818a,A00603,
36,New SY Lắp Ráp-Valve_Đóng gói,NEWSY_DONGGOI,,1,2024-08-21 11:56:30.214271 +00:00,2024-08-21 11:56:30.214271 +00:00,,,,1,95,,,660242e23bffc0b4510d818e,A00607,
37,New SY Lắp Ráp-Valve_Hoàn thiện,NEWSY_HOANTHIEN,,1,2024-08-21 11:56:30.214271 +00:00,2024-08-21 11:56:30.214271 +00:00,,,,1,75,,,660242e23bffc0b4510d818e,A00607,
38,New SY Lắp Ráp-Valve_Khắc laser,NEWSY_KHACLASER,,1,2024-08-21 11:56:30.214271 +00:00,2024-08-21 11:56:30.214271 +00:00,,,,1,65,,,660242e23bffc0b4510d818e,A00607,
39,New SY Lắp Ráp-Valve_Kiểm tra,NEWSY_KIEMTRA,,1,2024-08-21 11:56:30.214271 +00:00,2024-08-21 11:56:30.214271 +00:00,,,,1,65,,,660242e23bffc0b4510d818e,A00607,
40,New SY Lắp Ráp-Valve_Lắp ráp valve,NEWSY_LAPRAPVALVE,,1,2024-08-21 11:56:30.214271 +00:00,2024-08-21 11:56:30.214271 +00:00,,,,1,65,,,660242e23bffc0b4510d818e,A00607,
41,New SY Lắp Ráp-Valve_Ngoại quan,NEWSY_NGOAIQUAN,,1,2024-08-21 11:56:30.214271 +00:00,2024-08-21 11:56:30.214271 +00:00,,,,1,85,,,660242e23bffc0b4510d818e,A00607,
42,New SY Lắp Ráp-SubAssy_Lắp Spool,NEWSY_LAPSPOOL,,1,2024-08-21 11:56:30.214271 +00:00,2024-08-21 11:56:30.214271 +00:00,,,,1,95,,,660242e23bffc0b4510d8190,A00609,
43,New SY Lắp Ráp-SubAssy_Lắp End plate,NEWSY_LAPENDPLATE,,1,2024-08-21 11:56:30.214271 +00:00,2024-08-21 11:56:30.214271 +00:00,,,,1,95,,,660242e23bffc0b4510d8190,A00609,
44,New SY Lắp Ráp-SubAssy_Lắp Adapter,NEWSY_LAPADAPTER,,1,2024-08-21 11:56:30.214271 +00:00,2024-08-21 11:56:30.214271 +00:00,,,,1,95,,,660242e23bffc0b4510d8190,A00609,
45,New SY Lắp Ráp-SubAssy_Lắp Body Cover,NEWSY_LAPBODYCOVER,,1,2024-08-21 11:56:30.214271 +00:00,2024-08-21 11:56:30.214271 +00:00,,,,1,95,,,660242e23bffc0b4510d8190,A00609,
46,New SY Lắp Ráp-SubAssy_Lắp Manual,NEWSY_LAPMANUAL,,1,2024-08-21 11:56:30.214271 +00:00,2024-08-21 11:56:30.214271 +00:00,,,,1,95,,,660242e23bffc0b4510d8190,A00609,
47,SY SUB Lắp Ráp-Manual_Lắp Ráp Ron,SYSUB_MANUAL_RON,,1,2024-08-21 11:56:30.214271 +00:00,2024-08-21 11:56:30.214271 +00:00,,,,1,75,,,660242e23bffc0b4510d818c,A00605,
48,SY SUB Lắp Ráp-Manual_Đóng Gói,SYSUB_MANUALPACKING,,1,2024-08-21 11:56:30.214271 +00:00,2024-08-21 11:56:30.214271 +00:00,,,,1,95,,,660242e23bffc0b4510d818c,A00605,
49,SY SUB Lắp Ráp-Connecter_Lắp Connecter,SYSUB_CON_ASS,,1,2024-08-21 11:56:30.214271 +00:00,2024-08-21 11:56:30.214271 +00:00,,,,1,75,,,660242e23bffc0b4510d818c,A00605,
50,SY SUB Lắp Ráp-Connecter_Đóng Gói,SYSUB_CON_PACKING,,1,2024-08-21 11:56:30.214271 +00:00,2024-08-21 11:56:30.214271 +00:00,,,,1,95,,,660242e23bffc0b4510d818c,A00605,
51,New SY Lắp Ráp-SubAssy_Lắp Body Assy,NEWSY_LAPBODYASSY,,1,2024-08-21 11:56:30.214271 +00:00,2024-08-21 11:56:30.214271 +00:00,,,,1,95,,,660242e23bffc0b4510d8190,A00609,
52,Cylinder Lắp Ráp-Ngoại Quan,CYLINDER_BONDED_ASS,,1,2024-08-21 11:56:30.214271 +00:00,2024-08-21 11:56:30.214271 +00:00,,,,1,80,,,"660242e23bffc0b4510d81a4, 660242e23bffc0b4510d81a6, 660242e23bffc0b4510d81a8, 660242e23bffc0b4510d81aa","A00629, A00631, A00633, A00635",
53,Cylinder Lắp Ráp-Kashime,CYLINDER_KASHIME,,1,2024-08-21 11:56:30.214271 +00:00,2024-08-21 11:56:30.214271 +00:00,,,,1,40,,,"660242e23bffc0b4510d81a4, 660242e23bffc0b4510d81a6, 660242e23bffc0b4510d81a8, 660242e23bffc0b4510d81aa","A00629, A00631, A00633, A00635",
54,Cylinder Lắp Ráp-Lắp Ráp Chính,CYLINDER_MAIN_ASS,,1,2024-08-21 11:56:30.214271 +00:00,2024-08-21 11:56:30.214271 +00:00,,,,1,60,,,"660242e23bffc0b4510d81a4, 660242e23bffc0b4510d81a6, 660242e23bffc0b4510d81a8, 660242e23bffc0b4510d81aa","A00629, A00631, A00633, A00635",
55,Cylinder Lắp Ráp-Đóng Gói,CYLINDER_PACKING,,1,2024-08-21 11:56:30.214271 +00:00,2024-08-21 11:56:30.214271 +00:00,,,,1,100,,,"660242e23bffc0b4510d81a4, 660242e23bffc0b4510d81a6, 660242e23bffc0b4510d81a8, 660242e23bffc0b4510d81aa","A00629, A00631, A00633, A00635",
56,Cylinder Lắp Ráp-Lắp Ráp Phụ,CYLINDER_SUB_ASS,,1,2024-08-21 11:56:30.214271 +00:00,2024-08-21 11:56:30.214271 +00:00,,,,1,20,,,"660242e23bffc0b4510d81a4, 660242e23bffc0b4510d81a6, 660242e23bffc0b4510d81a8, 660242e23bffc0b4510d81aa","A00629, A00631, A00633, A00635",
57,New SY Lắp Ráp-SubAssy_Lắp Screw,NEWSY_LAPSCREW,,1,2024-08-21 11:56:30.214271 +00:00,2024-08-21 11:56:30.214271 +00:00,,,,1,95,,,660242e23bffc0b4510d8190,A00609,
58,FRL Lắp Ráp-Lắp Ráp_ARW3,FRL_ASSEMBLY_ARW3,,1,2024-08-21 11:56:30.214271 +00:00,2024-08-21 11:56:30.214271 +00:00,,,,1,75,,,654dea19ea2800006600527e,A00428,
59,FRL Lắp Ráp-Ngoại Quan_ARW3,FRL_INSPECTION_ARW3,,1,2024-08-21 11:56:30.214271 +00:00,2024-08-21 11:56:30.214271 +00:00,,,,1,90,,,654dea19ea2800006600527e,A00428,
60,FRL Lắp Ráp-Đóng Gói_ARW3,FRL_PACKING_ARW3,,1,2024-08-21 11:56:30.214271 +00:00,2024-08-21 11:56:30.214271 +00:00,,,,1,95,,,654dea19ea2800006600527e,A00428,
61,FRL Lắp Ráp-Lắp Ráp_ARW2,FRL_ASSEMBLY_ARW2,,1,2024-08-21 11:56:30.214271 +00:00,2024-08-21 11:56:30.214271 +00:00,,,,1,75,,,654dea19ea2800006600527e,A00428,
62,FRL Lắp Ráp-Ngoại Quan_ARW2,FRL_INSPECTION_ARW2,,1,2024-08-21 11:56:30.214271 +00:00,2024-08-21 11:56:30.214271 +00:00,,,,1,90,,,654dea19ea2800006600527e,A00428,
63,FRL Lắp Ráp-Đóng Gói_ARW2,FRL_PACKING_ARW2,,1,2024-08-21 11:56:30.214271 +00:00,2024-08-21 11:56:30.214271 +00:00,,,,1,95,,,654dea19ea2800006600527e,A00428,
64,FRL Lắp Ráp-Lắp Ráp_ARW1,FRL_ASSEMBLY_ARW1,,1,2024-08-21 11:56:30.214271 +00:00,2024-08-21 11:56:30.214271 +00:00,,,,1,75,,,654dea19ea2800006600527e,A00428,
65,FRL Lắp Ráp-Ngoại Quan_ARW1,FRL_INSPECTION_ARW1,,1,2024-08-21 11:56:30.214271 +00:00,2024-08-21 11:56:30.214271 +00:00,,,,1,90,,,654dea19ea2800006600527e,A00428,
66,FRL Lắp Ráp-Đóng Gói_ARW1,FRL_PACKING_ARW1,,1,2024-08-21 11:56:30.214271 +00:00,2024-08-21 11:56:30.214271 +00:00,,,,1,95,,,654dea19ea2800006600527e,A00428,
67,FRL Lắp Ráp-Lắp Ráp_AL,FRL_ASSEMBLY_AL,,1,2024-08-21 11:56:30.214271 +00:00,2024-08-21 11:56:30.214271 +00:00,,,,1,75,,,654dea19ea2800006600527e,A00428,
68,FRL Lắp Ráp-Ngoại Quan_AL,FRL_INSPECTION_AL,,1,2024-08-21 11:56:30.214271 +00:00,2024-08-21 11:56:30.214271 +00:00,,,,1,90,,,654dea19ea2800006600527e,A00428,
69,FRL Lắp Ráp-Đóng Gói_AL,FRL_PACKING_AL,,1,2024-08-21 11:56:30.214271 +00:00,2024-08-21 11:56:30.214271 +00:00,,,,1,95,,,654dea19ea2800006600527e,A00428,
70,FRL Lắp Ráp-Lắp Ráp_AF,FRL_ASSEMBLY_AF,,1,2024-08-21 11:56:30.214271 +00:00,2024-08-21 11:56:30.214271 +00:00,,,,1,75,,,654dea19ea2800006600527e,A00428,
71,FRL Lắp Ráp-Ngoại Quan_AF,FRL_INSPECTION_AF,,1,2024-08-21 11:56:30.214271 +00:00,2024-08-21 11:56:30.214271 +00:00,,,,1,90,,,654dea19ea2800006600527e,A00428,
72,FRL Lắp Ráp-Đóng Gói_AF,FRL_PACKING_AF,,1,2024-08-21 11:56:30.214271 +00:00,2024-08-21 11:56:30.214271 +00:00,,,,1,95,,,654dea19ea2800006600527e,A00428,
73,FRL Lắp Ráp-Lắp Ráp_AC,FRL_ASSEMBLY_AC,,1,2024-08-21 11:56:30.214271 +00:00,2024-08-21 11:56:30.214271 +00:00,,,,1,75,,,654dea19ea2800006600527e,A00428,
74,FRL Lắp Ráp-Ngoại Quan_AC,FRL_INSPECTION_AC,,1,2024-08-21 11:56:30.214271 +00:00,2024-08-21 11:56:30.214271 +00:00,,,,1,90,,,654dea19ea2800006600527e,A00428,
75,FRL Lắp Ráp-Đóng Gói_AC,FRL_PACKING_AC,,1,2024-08-21 11:56:30.214271 +00:00,2024-08-21 11:56:30.214271 +00:00,,,,1,95,,,654dea19ea2800006600527e,A00428,
76,SY Gia Công-Gia Công,SY_MACHINING,,1,2024-08-21 11:56:30.214271 +00:00,2024-08-21 11:56:30.214271 +00:00,,,,1,80,,,654dea19ea28000066005288,A00438,
77,SY Gia Công-Tẩy Rửa_1,SY_CLEANING_1,,1,2024-08-21 11:56:30.214271 +00:00,2024-08-21 11:56:30.214271 +00:00,,,,1,80,,,654dea19ea28000066005288,A00438,
78,SY Gia Công-Ngoại Quan 1,SY_BONDED_ONE,,1,2024-08-21 11:56:30.214271 +00:00,2024-08-21 11:56:30.214271 +00:00,,,,1,75,,,654dea19ea28000066005288,A00438,
79,SY Gia Công-Xử Lý Nhiệt,SY_HEAT,,1,2024-08-21 11:56:30.214271 +00:00,2024-08-21 11:56:30.214271 +00:00,,,,1,75,,,654dea19ea28000066005288,A00438,
80,Xử Lý Bề Mặt-Rửa ( Xưởng 3),SUR_TREAT_WASH,,1,2024-08-21 11:56:30.214271 +00:00,2024-08-21 11:56:30.214271 +00:00,,,,1,100,,,654dea19ea280000660052b4,A00482,
81,Xử Lý Bề Mặt-Thụ Động Hóa (Xưởng 3),SUR_TREAT_PASSIVATE,,1,2024-08-21 11:56:30.214271 +00:00,2024-08-21 11:56:30.214271 +00:00,,,,1,100,,,654dea19ea280000660052b4,A00482,
82,Xử Lý Bề Mặt-Ngoại Quan ( Xưởng 3),SUR_TREAT_BONDED2,,1,2024-08-21 11:56:30.214271 +00:00,2024-08-21 11:56:30.214271 +00:00,,,,1,100,,,654dea19ea280000660052b4,A00482,
83,Xử Lý Bề Mặt-Đóng Gói (Xưởng 3),SUR_TREAT_PACKING2,,1,2024-08-21 11:56:30.214271 +00:00,2024-08-21 11:56:30.214271 +00:00,,,,1,100,,,654dea19ea280000660052b4,A00482,
84,Xử Lý Bề Mặt-Đánh Bóng Điện (Xưởng 3),SUR_TREAT_ELECT,,1,2024-08-21 11:56:30.214271 +00:00,2024-08-21 11:56:30.214271 +00:00,,,,1,100,,,654dea19ea280000660052b4,A00482,
85,Đùn Nhựa-Đùn Nhựa,PLASTIC_EXTRUSION,,1,2024-08-21 11:56:30.214271 +00:00,2024-08-21 11:56:30.214271 +00:00,,,,1,100,,,654dea19ea2800006600526f,A00330,
86,Xử Lý Bề Mặt-Chromate (Xưởng 10),SUR_TREAT_CHROMATE,,1,2024-08-21 11:56:30.214271 +00:00,2024-08-21 11:56:30.214271 +00:00,,,,1,,,,660242e23bffc0b4510d81c0,A00657,
87,Xử Lý Bề Mặt-Đóng gói (Xưởng 10),SUR_TREAT_PACKING3,,1,2024-08-21 11:56:30.214271 +00:00,2024-08-21 11:56:30.214271 +00:00,,,,1,,,,660242e23bffc0b4510d81c0,A00657,
88,Đùn nhôm-Đùn,ALUMINUM_EXTRUSION,,1,2024-08-21 11:56:30.214271 +00:00,2024-08-21 11:56:30.214271 +00:00,,,,1,,,,660242e23bffc0b4510d81d4,A00677,
89,Đùn nhôm-Ngâm Kiềm,ALUMINUM_ETCHING,,1,2024-08-21 11:56:30.214271 +00:00,2024-08-21 11:56:30.214271 +00:00,,,,1,,,,660242e23bffc0b4510d81d4,A00677,
90,Đùn nhôm-Ủ,ALUMINUM_ANNEAL,,1,2024-08-21 11:56:30.214271 +00:00,2024-08-21 11:56:30.214271 +00:00,,,,1,,,,660242e23bffc0b4510d81d4,A00677,
91,Đùn nhôm-Đóng Gói,ALUMINUM_PACKING,,1,2024-08-21 11:56:30.214271 +00:00,2024-08-21 11:56:30.214271 +00:00,,,,1,,,,660242e23bffc0b4510d81d4,A00677,
92,Xử Lý Bề Mặt-Shot Treatment (Nhà Máy 3),SUR_TREAT_SHOT,,1,2024-08-21 11:56:30.214271 +00:00,2024-08-21 11:56:30.214271 +00:00,,,,1,,,,660242e23bffc0b4510d81c4,A00661,
93,Xử Lý Bề Mặt-Arumaito Treatment (Nhà Máy 3),SUR_TREAT_ARUMAITO,,1,2024-08-21 11:56:30.214271 +00:00,2024-08-21 11:56:30.214271 +00:00,,,,1,,,,660242e23bffc0b4510d81c4,A00661,
94,Xử Lý Bề Mặt-Ngoại Quan Treatment (Nhà Máy 3),SUR_TREAT_BONDED1,,1,2024-08-21 11:56:30.214271 +00:00,2024-08-21 11:56:30.214271 +00:00,,,,1,,,,660242e23bffc0b4510d81c4,A00661,
95,Xử Lý Bề Mặt-Mạ Niken (Xưởng 1),SUR_TREAT_NICKEL,,1,2024-08-21 11:56:30.214271 +00:00,2024-08-21 11:56:30.214271 +00:00,,,,1,,,,654dea19ea280000660052a3,A00465,
96,Xử Lý Bề Mặt-Đóng Gói (Xưởng 1),SUR_TREAT_PACKING1,,1,2024-08-21 11:56:30.214271 +00:00,2024-08-21 11:56:30.214271 +00:00,,,,1,,,,654dea19ea280000660052a3,A00465,
97,Xử Lý Bề Mặt-Sơn (Xưởng 10),SUR_TREAT_PAINT,,1,2024-08-21 11:56:30.214271 +00:00,2024-08-21 11:56:30.214271 +00:00,,,,1,,,,660242e23bffc0b4510d81c0,A00657,
98,Xử Lý Bề Mặt-Ganshin (Xưởng 10),SUR_TREAT_GANSHIN,,1,2024-08-21 11:56:30.214271 +00:00,2024-08-21 11:56:30.214271 +00:00,,,,1,,,,660242e23bffc0b4510d81c0,A00657,
99,VX Gia Công-Ngoại Quan (VX Khuôn Nhựa),VXRESIN_BONDED,,1,2024-08-21 11:56:30.214271 +00:00,2024-08-21 11:56:30.214271 +00:00,,,,1,100,,,669dc9a6359f3b6ac580548c,A00703,
100,APTech Gia Công-Gia Công_1,APTECH_MACHINING_1,,1,2024-08-21 11:56:30.214271 +00:00,2024-08-21 11:56:30.214271 +00:00,,,,1,82,,,"669dcb3a359f3b6ac5806606, 669dca28359f3b6ac5805a08, 669dcabe359f3b6ac5806014, 669dcb98359f3b6ac5806c52","A00709,  A00705,  A00707,  A00711",
101,APTech Gia Công-Tẩy Rửa,APTECH_CLEANING,,1,2024-08-21 11:56:30.214271 +00:00,2024-08-21 11:56:30.214271 +00:00,,,,1,100,,,"669dcbf1359f3b6ac580719f, 669dcccb359f3b6ac5808548","A00713, A00715",
102,APTech Gia Công-Ngoại Quan Xưởng,APTECH_BONDED_WS,,1,2024-08-21 11:56:30.214271 +00:00,2024-08-21 11:56:30.214271 +00:00,,,,1,98,,,"669dcbf1359f3b6ac580719f, 669dcccb359f3b6ac5808548","A00713, A00715",
103,APTech Gia Công-Đóng Gói,APTECH_PACKING_MAC,,1,2024-08-21 11:56:30.214271 +00:00,2024-08-21 11:56:30.214271 +00:00,,,,1,100,,,669dcbf1359f3b6ac580719f,A00713,
104,Đúc-Gia Công Đúc,DIE_CAST,,1,2024-08-21 11:56:30.214271 +00:00,2024-08-21 11:56:30.214271 +00:00,,,,1,80,,,"660242e23bffc0b4510d81b6, 660242e23bffc0b4510d81b8","A00647, A00649",
105,Đúc-Shiage_Shotblash,DIECAST_SHOTBLASH,,1,2024-08-21 11:56:30.214271 +00:00,2024-08-21 11:56:30.214271 +00:00,,,,1,90,,,660242e23bffc0b4510d81be,A00655,
106,Đúc-Shiage_Finishing,DIECAST_FINISHING,,1,2024-08-21 11:56:30.214271 +00:00,2024-08-21 11:56:30.214271 +00:00,,,,1,90,,,660242e23bffc0b4510d81be,A00655,
107,SY Gia Công-ShotBlast,SY_SHOTBLAST,,1,2024-08-21 11:56:30.214271 +00:00,2024-08-21 11:56:30.214271 +00:00,,,,1,80,,,654dea19ea28000066005288,A00438,
108,SY Gia Công-Ngoại Quan 2,SY_BONDED_TWO,,1,2024-08-21 11:56:30.214271 +00:00,2024-08-21 11:56:30.214271 +00:00,,,,1,80,,,654dea19ea28000066005288,A00438,
109,VX Gia Công-Đúc (VX Khuôn Nhựa),VXRESIN_DIE_CAST,,1,2024-08-21 11:56:30.214271 +00:00,2024-08-21 11:56:30.214271 +00:00,,,,1,,,,669dc9a6359f3b6ac580548c,A00703,
110,VX Gia Công-Đóng Gói (VX Khuôn Nhựa),VXRESIN_PACKING,,1,2024-08-21 11:56:30.214271 +00:00,2024-08-21 11:56:30.214271 +00:00,,,,1,,,,669dc9a6359f3b6ac580548c,A00703,
111,Mold Gia Công-Đúc Nhựa,MOLD_PLASTIC_CAST,,1,2024-08-21 11:56:30.214271 +00:00,2024-08-21 11:56:30.214271 +00:00,,,,1,80,,,654dea19ea28000066005295,A00451,
112,Mold Gia Công-Kiểm Tra - Khắc Lazer,MOLD_LASER_ENGRAVE,,1,2024-08-21 11:56:30.214271 +00:00,2024-08-21 11:56:30.214271 +00:00,,,,1,100,,,654dea19ea28000066005295,A00451,
113,Mold Gia Công-Ngoại Quan,MOLD_BONDED,,1,2024-08-21 11:56:30.214271 +00:00,2024-08-21 11:56:30.214271 +00:00,,,,1,100,,,654dea19ea28000066005295,A00451,
114,Đúc-Shiage_Grinding,DIECAST_GRINDING,,1,2024-08-21 11:56:30.214271 +00:00,2024-08-21 11:56:30.214271 +00:00,,,,1,90,,,660242e23bffc0b4510d81be,A00655,
115,Đúc-Shiage_Bavia,DIECAST_BAVIA,,1,2024-08-21 11:56:30.214271 +00:00,2024-08-21 11:56:30.214271 +00:00,,,,1,90,,,660242e23bffc0b4510d81be,A00655,
116,V100 Lắp Ráp-Lắp Ráp_V111-BODY,V100_V111_BODY,,1,2024-08-21 11:56:30.214271 +00:00,2024-08-21 11:56:30.214271 +00:00,,,,1,95,,,654dea19ea280000660052b9,A00488,
117,V100 Lắp Ráp-Lắp Ráp_V111-AFTER WELDING,V100_V111_AFTERWELD,,1,2024-08-21 11:56:30.214271 +00:00,2024-08-21 11:56:30.214271 +00:00,,,,1,95,,,654dea19ea280000660052b9,A00488,
118,V100 Lắp Ráp-Lắp Ráp_V111-COVER,V100_V111_COVER,,1,2024-08-21 11:56:30.214271 +00:00,2024-08-21 11:56:30.214271 +00:00,,,,1,95,,,654dea19ea280000660052b9,A00488,
119,V100 Lắp Ráp-Lắp Ráp_V111-ARMATURE ASSY,V100_V111_ARMATURE,,1,2024-08-21 11:56:30.214271 +00:00,2024-08-21 11:56:30.214271 +00:00,,,,1,95,,,654dea19ea280000660052b9,A00488,
120,V100 Lắp Ráp-Lắp Ráp_V111-CIRCUIT BOARD,V100_V111_CIRCUIT,,1,2024-08-21 11:56:30.214271 +00:00,2024-08-21 11:56:30.214271 +00:00,,,,1,95,,,654dea19ea280000660052b9,A00488,
121,V100 Lắp Ráp-Lắp Ráp_V111-INSPECTION,V100_V111_INSPECT,,1,2024-08-21 11:56:30.214271 +00:00,2024-08-21 11:56:30.214271 +00:00,,,,1,95,,,654dea19ea280000660052b9,A00488,
122,V100 Gia Công-Dập Chân Cực (Winding),V100WINDING_TERMIN,,1,2024-08-21 11:56:30.214271 +00:00,2024-08-21 11:56:30.214271 +00:00,,,,1,50,,,654dea19ea280000660052c1,A00498,
123,V100 Gia Công-Quấn Dây Đồng (Winding),V100WINDING_WINDING,,1,2024-08-21 11:56:30.214271 +00:00,2024-08-21 11:56:30.214271 +00:00,,,,1,90,,,654dea19ea280000660052c1,A00498,
124,V100 Gia Công-Ngoại Quan (Winding),V100WINDING_INSPECT,,1,2024-08-21 11:56:30.214271 +00:00,2024-08-21 11:56:30.214271 +00:00,,,,1,95,,,654dea19ea280000660052c1,A00498,
125,Aptech Lắp Ráp-Lắp Ráp_1,APTECH_ASSEMBLY1,,1,2024-08-21 11:56:30.214271 +00:00,2024-08-21 11:56:30.214271 +00:00,,,,1,60,,,654dea19ea28000066005279,A00423,
126,Aptech Lắp Ráp-Lắp Ráp_2,APTECH_ASSEMBLY2,,1,2024-08-21 11:56:30.214271 +00:00,2024-08-21 11:56:30.214271 +00:00,,,,1,60,,,654dea19ea28000066005279,A00423,
127,Aptech Lắp Ráp-Lắp Ráp_3,APTECH_ASSEMBLY3,,1,2024-08-21 11:56:30.214271 +00:00,2024-08-21 11:56:30.214271 +00:00,,,,1,60,,,654dea19ea28000066005279,A00423,
128,Aptech Lắp Ráp-Lắp Ráp_4,APTECH_ASSEMBLY4,,1,2024-08-21 11:56:30.214271 +00:00,2024-08-21 11:56:30.214271 +00:00,,,,1,60,,,654dea19ea28000066005279,A00423,
129,Aptech Lắp Ráp-Lắp Ráp_Kiểm tra,APTECH_INSPECTION,,1,2024-08-21 11:56:30.214271 +00:00,2024-08-21 11:56:30.214271 +00:00,,,,1,75,,,654dea19ea28000066005279,A00423,
130,Aptech Lắp Ráp-Lắp Ráp_Ngoại quan,APTECH_APPREARANCE,,1,2024-08-21 11:56:30.214271 +00:00,2024-08-21 11:56:30.214271 +00:00,,,,1,75,,,654dea19ea28000066005279,A00423,
131,Aptech Lắp Ráp-Đóng gói,APTECH_PACKING_ASS,,1,2024-08-21 11:56:30.214271 +00:00,2024-08-21 11:56:30.214271 +00:00,,,,1,90,,,654dea19ea28000066005279,A00423,
132,VX Lắp Ráp-Sub_Ép Tube,VXSUB_TUBE,,1,2024-08-21 11:56:30.214271 +00:00,2024-08-21 11:56:30.214271 +00:00,,,,1,95,,,654dea19ea28000066005297,A00453,
133,VX Lắp Ráp-Sub_Miết Lõi Sắt,VXSUB_MIETLOISAT,,1,2024-08-21 11:56:30.214271 +00:00,2024-08-21 11:56:30.214271 +00:00,,,,1,95,,,654dea19ea28000066005297,A00453,
134,VX Lắp Ráp-Main Auto_Chuẩn Bị Coil,VXAUTO_CHUANBICOIL,,1,2024-08-21 11:56:30.214271 +00:00,2024-08-21 11:56:30.214271 +00:00,,,,1,10,,,654dea19ea28000066005297,A00453,
135,VX Lắp Ráp-Main Auto_Siết Ốc,VXAUTO_SIETOC,,1,2024-08-21 11:56:30.214271 +00:00,2024-08-21 11:56:30.214271 +00:00,,,,1,50,,,654dea19ea28000066005297,A00453,
136,VX Lắp Ráp-Main Auto_Khắc Kiểm,VXAUTO_KHACKIEM,,1,2024-08-21 11:56:30.214271 +00:00,2024-08-21 11:56:30.214271 +00:00,,,,1,50,,,654dea19ea28000066005297,A00453,
137,VX Lắp Ráp-Main Auto_Hoàn Thiện,VXAUTO_HOANTHIEN,,1,2024-08-21 11:56:30.214271 +00:00,2024-08-21 11:56:30.214271 +00:00,,,,1,50,,,654dea19ea28000066005297,A00453,
138,VX Lắp Ráp-Main Auto_Ngoại Quan,VXAUTO_NGOAIQUAN,,1,2024-08-21 11:56:30.214271 +00:00,2024-08-21 11:56:30.214271 +00:00,,,,1,75,,,654dea19ea28000066005297,A00453,
139,VX Lắp Ráp-Main Auto_Đóng Gói,VXAUTO_DONGGOI,,1,2024-08-21 11:56:30.214271 +00:00,2024-08-21 11:56:30.214271 +00:00,,,,1,95,,,654dea19ea28000066005297,A00453,
140,VX Lắp Ráp-Main Tay_Khắc Lazer,VXTAY_KHACLAZER,,1,2024-08-21 11:56:30.214271 +00:00,2024-08-21 11:56:30.214271 +00:00,,,,1,10,,,654dea19ea28000066005297,A00453,
141,VX Lắp Ráp-Main Tay_Chuẩn Bị Coil,VXTAY_CHUABICOIL,,1,2024-08-21 11:56:30.214271 +00:00,2024-08-21 11:56:30.214271 +00:00,,,,1,10,,,654dea19ea28000066005297,A00453,
142,VX Lắp Ráp-Main Tay_Kiểm Tra,VXTAY_KIEMTRA,,1,2024-08-21 11:56:30.214271 +00:00,2024-08-21 11:56:30.214271 +00:00,,,,1,50,,,654dea19ea28000066005297,A00453,
143,VX Lắp Ráp-Main Tay_Ngoại Quan,VXTAY_NGOAIQUAN,,1,2024-08-21 11:56:30.214271 +00:00,2024-08-21 11:56:30.214271 +00:00,,,,1,75,,,654dea19ea28000066005297,A00453,
144,VX Lắp Ráp-Main Tay_Đóng Gói,VXTAY_DONGGOI,,1,2024-08-21 11:56:30.214271 +00:00,2024-08-21 11:56:30.214271 +00:00,,,,1,95,,,654dea19ea28000066005297,A00453,
145,VX Winding-Lắp Ráp_Bobbin,VXWINDING_BOBBIN,,1,2024-08-21 11:56:30.214271 +00:00,2024-08-21 11:56:30.214271 +00:00,,,,1,10,,,654dea19ea280000660052c7,A00504,
146,VX Winding-Lắp Ráp_Frame,VXWINDING_FRAME,,1,2024-08-21 11:56:30.214271 +00:00,2024-08-21 11:56:30.214271 +00:00,,,,1,95,,,654dea19ea280000660052c7,A00504,
147,VX Gia Công-Gia Công (Lõi Sắt),VXIRON_MACHINING,,1,2024-08-21 11:56:30.214271 +00:00,2024-08-21 11:56:30.214271 +00:00,,,,1,100,,,654dea19ea28000066005293,A00449,
148,APTech Gia Công-Gia Công_Cut,APTECH_CUT,,1,2024-08-21 11:56:30.214271 +00:00,2024-08-21 11:56:30.214271 +00:00,,,,1,82,,,"669dca28359f3b6ac5805a08, 669dcabe359f3b6ac5806014","A00707, A00705",
149,APTech Gia Công-Xedec Body,APTECHBODY,,1,2024-08-21 11:56:30.214271 +00:00,2024-08-21 11:56:30.214271 +00:00,,,,1,98,,,"669dcbf1359f3b6ac580719f, 669dcccb359f3b6ac5808548","A00713, A00715",
150,APTech Gia Công-Ngoại Quan QA,APTECH_QA_BONDED,,1,2024-08-21 11:56:30.214271 +00:00,2024-08-21 11:56:30.214271 +00:00,,,,1,98,,,669dcccb359f3b6ac5808548,A00715,
151,APTech Gia Công-Gia Công_2,APTECH_MACHINING_2,,1,2024-08-21 11:56:30.214271 +00:00,2024-08-21 11:56:30.214271 +00:00,,,,1,79,,,"669dca28359f3b6ac5805a08, 669dcabe359f3b6ac5806014, 669dcb98359f3b6ac5806c52","A00705, A00711, A00707",
152,APTech Gia Công-Gia Công_3,APTECH_MACHINING_3,,1,2024-08-21 11:56:30.214271 +00:00,2024-08-21 11:56:30.214271 +00:00,,,,1,86,,,"669dcabe359f3b6ac5806014, 669dcb98359f3b6ac5806c52","A00707, A00711",
153,FRL Gia công-Gia Công,FRL_MACHINING,,1,2024-08-21 11:56:30.214271 +00:00,2024-08-21 11:56:30.214271 +00:00,,,,1,1,,,654dea19ea2800006600528f,A00445,
154,FRL Gia công-Tẩy Rửa,FRL_CLEANING,,1,2024-08-21 11:56:30.214271 +00:00,2024-08-21 11:56:30.214271 +00:00,,,,1,2,,,654dea19ea2800006600528f,A00445,
155,FRL Gia công-Ngoại Quan,FRL_BONDED_WS,,1,2024-08-21 11:56:30.214271 +00:00,2024-08-21 11:56:30.214271 +00:00,,,,1,3,,,654dea19ea2800006600528f,A00445,
156,Spool Gia Công-Gia Công,SPOOL_MACHINING,,1,2024-08-21 11:56:30.214271 +00:00,2024-08-21 11:56:30.214271 +00:00,,,,1,91,,,654dea19ea28000066005271,A00350,
157,Spool Gia Công-Tẩy Rửa,SPOOL_CLEANING,,1,2024-08-21 11:56:30.214271 +00:00,2024-08-21 11:56:30.214271 +00:00,,,,1,87,,,654dea19ea28000066005271,A00350,
158,Spool Gia Công-Ngoại Quan,SPOOL_BONDED,,1,2024-08-21 11:56:30.214271 +00:00,2024-08-21 11:56:30.214271 +00:00,,,,1,80,,,654dea19ea28000066005271,A00350,
159,Spool Gia Công-Đóng Gói,SPOOL_PACKING,,1,2024-08-21 11:56:30.214271 +00:00,2024-08-21 11:56:30.214271 +00:00,,,,1,100,,,654dea19ea28000066005271,A00350,
160,Speakon Lắp Ráp-Assembly 1,SPEAKON_ASSEMBLY1,,1,2024-08-21 11:56:30.214271 +00:00,2024-08-21 11:56:30.214271 +00:00,,,,1,50,,,654dea19ea280000660052a5,A00467,
161,Speakon Lắp Ráp-Assembly 2,SPEAKON_ASSEMBLY2,,1,2024-08-21 11:56:30.214271 +00:00,2024-08-21 11:56:30.214271 +00:00,,,,1,50,,,654dea19ea280000660052a5,A00467,
162,Speakon Lắp Ráp-Assembly 3,SPEAKON_ASSEMBLY3,,1,2024-08-21 11:56:30.214271 +00:00,2024-08-21 11:56:30.214271 +00:00,,,,1,50,,,654dea19ea280000660052a5,A00467,
163,Speakon Lắp Ráp-Ngoại Quan,SPEAKON_BONDED_ASS,,1,2024-08-21 11:56:30.214271 +00:00,2024-08-21 11:56:30.214271 +00:00,,,,1,50,,,654dea19ea280000660052a5,A00467,
164,Speakon Lắp Ráp-Đóng Gói,SPEAKON_PACKING_ASS,,1,2024-08-21 11:56:30.214271 +00:00,2024-08-21 11:56:30.214271 +00:00,,,,1,95,,,654dea19ea280000660052a5,A00467,
165,MFitting Lắp Ráp-Lắp Ráp,MFITTING_ASSEM,,1,2024-08-21 11:56:30.214271 +00:00,2024-08-21 11:56:30.214271 +00:00,,,,1,5,,,654dea19ea2800006600526b,A00290,
166,MFitting Lắp Ráp-Ngoại Quan,MFITTING_INSPECT,,1,2024-08-21 11:56:30.214271 +00:00,2024-08-21 11:56:30.214271 +00:00,,,,1,95,,,654dea19ea2800006600526b,A00290,
167,MFitting Lắp Ráp-Đóng Gói,MFITTING_PACKING,,1,2024-08-21 11:56:30.214271 +00:00,2024-08-21 11:56:30.214271 +00:00,,,,1,95,,,654dea19ea2800006600526b,A00290,
168,V100 Gia Công-Dập (Press),V100PRESS_STAMPING,,1,2024-08-21 11:56:30.214271 +00:00,2024-08-21 11:56:30.214271 +00:00,,,,1,,,,654dea19ea280000660052bb,A00492,
169,V100 Gia Công-Tẩy Rửa 1 (Press),V100PRESS_CLEANING1,,1,2024-08-21 11:56:30.214271 +00:00,2024-08-21 11:56:30.214271 +00:00,,,,1,,,,654dea19ea280000660052bb,A00492,
170,V100 Gia Công-Ủ (Press),V100PRESS_ANNEAL,,1,2024-08-21 11:56:30.214271 +00:00,2024-08-21 11:56:30.214271 +00:00,,,,1,,,,654dea19ea280000660052bb,A00492,
171,V100 Gia Công-Đánh Bóng (Press),V100PRESS_POLISHING,,1,2024-08-21 11:56:30.214271 +00:00,2024-08-21 11:56:30.214271 +00:00,,,,1,,,,654dea19ea280000660052bb,A00492,
172,V100 Gia Công-Tẩy Rửa 2 (Press),V100PRESS_CLEANING2,,1,2024-08-21 11:56:30.214271 +00:00,2024-08-21 11:56:30.214271 +00:00,,,,1,,,,654dea19ea280000660052bb,A00492,
173,V100 Gia Công-Đóng Gói (Press),V100PRESS_PACKING,,1,2024-08-21 11:56:30.214271 +00:00,2024-08-21 11:56:30.214271 +00:00,,,,1,,,,654dea19ea280000660052bb,A00492,
174,V100 Gia Công-Dập (PF),V100PF_STAMPING,,1,2024-08-21 11:56:30.214271 +00:00,2024-08-21 11:56:30.214271 +00:00,,,,1,,,,654dea19ea280000660052bb,A00492,
175,V100 Gia Công-Tẩy Rửa 1 (PF),V100PF_CLEANING1,,1,2024-08-21 11:56:30.214271 +00:00,2024-08-21 11:56:30.214271 +00:00,,,,1,,,,654dea19ea280000660052bb,A00492,
176,V100 Gia Công-Ủ (PF),V100PF_ANNEAL,,1,2024-08-21 11:56:30.214271 +00:00,2024-08-21 11:56:30.214271 +00:00,,,,1,,,,654dea19ea280000660052bb,A00492,
177,V100 Gia Công-Đánh Bóng (PF),V100PF_POLISHING,,1,2024-08-21 11:56:30.214271 +00:00,2024-08-21 11:56:30.214271 +00:00,,,,1,,,,654dea19ea280000660052bb,A00492,
178,V100 Gia Công-Tẩy Rửa 2 (PF),V100PF_CLEANING2,,1,2024-08-21 11:56:30.214271 +00:00,2024-08-21 11:56:30.214271 +00:00,,,,1,,,,654dea19ea280000660052bb,A00492,
179,V100 Gia Công-Đóng Gói (PF),V100PF_PACKING,,1,2024-08-21 11:56:30.214271 +00:00,2024-08-21 11:56:30.214271 +00:00,,,,1,,,,654dea19ea280000660052bb,A00492,
180,Speakon Gia Công-Gia Công,SPEAKON_MACHINING,,1,2024-08-21 11:56:30.214271 +00:00,2024-08-21 11:56:30.214271 +00:00,,,,1,99,,,654dea19ea280000660052a1,A00463,
181,Speakon Gia Công-Tẩy Rửa,SPEAKON_CLEANING,,1,2024-08-21 11:56:30.214271 +00:00,2024-08-21 11:56:30.214271 +00:00,,,,1,100,,,660242e23bffc0b4510d8186,A00599,
182,Speakon Gia Công-Ngoại Quan,SPEAKON_BONDED_WS,,1,2024-08-21 11:56:30.214271 +00:00,2024-08-21 11:56:30.214271 +00:00,,,,1,100,,,654dea19ea280000660052a1,A00463,
183,M-Fitting Gia Công-Sản Xuất,MFITTING_PRODUCTION,,1,2024-08-21 11:56:30.214271 +00:00,2024-08-21 11:56:30.214271 +00:00,,,,1,99,,,"660242e23bffc0b4510d8188, 660242e23bffc0b4510d8186","A00601, A00599",
184,M-Fitting Gia Công-Tẩy Rửa,MFITTING_CLEANING,,1,2024-08-21 11:56:30.214271 +00:00,2024-08-21 11:56:30.214271 +00:00,,,,1,100,,,"660242e23bffc0b4510d8188, 660242e23bffc0b4510d8186","A00601, A00599",
185,M-Fitting Gia Công-Ngoại Quan,MFITTING_FINISHING,,1,2024-08-21 11:56:30.214271 +00:00,2024-08-21 11:56:30.214271 +00:00,,,,1,100,,,"660242e23bffc0b4510d8188, 660242e23bffc0b4510d8186)","A00601, A00599",
186,Đúc-Shiage_Finishing,DIECAST_BONDED,,1,2024-08-21 11:56:30.214271 +00:00,2024-08-21 11:56:30.214271 +00:00,,,,1,90,,,660242e23bffc0b4510d81b6,A00647,